"Tên chính","Tên khác","Tên khoa học","Họ","Mô tả","Bộ phận dùng","Nơi sống và thu hái","Thành phần hoá học","Tính vị, tác dụng","Công dụng, chỉ định và phối hợp","Liều dùng","Đơn thuốc"
"Bạch chỉ nam","","","","","Rễ, củ tươi","","","","(sơn ăn) ban trái, đậu mùa. Có thể dùng củ tươi mài với nước gạo hoặc nước cơm, bôi trị sơn ăn làm lở ngứa, chảy máu. Người thiếu máu, suy nhược cơ thể không nên dùng.","8-16g cho đến 40g, dạng thuốc sắc hoặc bột.","1. Phong nhiệt mần ngứa: Rễ Bạch chỉ nam, Ðơn kim, Liễu đỏ, mỗi vị 30g sắc uống.
2. Phong thấp đau nhức: Bạch chỉ nam, cành Liễu, Huyết đằng, mỗi vị 20g sắc uống.
3. Ðau bụng, kém tiêu, ỉa chảy: Bạch chỉ nam 20g, vỏ Quít 12g, Hậu phác nam 8g sắc uống."
"Bạch cổ đinh","Ða quả tán phòng","Polycarpaea corymbosa (L) Lam","Cẩm chướng - Caryophyllaceae","Cây thảo cao 10-40cm, có nhánh nhiều hay ít, nhẵn hay có lông len màu trắng. Lá hình dải, nhọn, có lòng cứng thành mũi nhọn ngắn ở đầu, nhẵn hay hơi có lông, dài 5-20mm, mọc đối hay mọc vòng. Hoa dạng vẩy, màu trắng hay hơi hung, thành ngù dày hay thưa.","Toàn cây - Herba Polycarpaeae, thường gọi là Bạch cổ đinh.","Cây mọc ở Ấn Độ, Trung Quốc và cũng phổ biến ở những nơi có cát khắp nước ta: Hải Hưng, Nam Hà, Ninh Bình, Thanh Hoá... đến Bình Thuận, Minh Hải.","","Làm dịu và săn da.","Ở Ấn Độ, người ta dùng toàn cây uống trong và đắp ngoài, làm thuốc chữa vết độc do rắn cắn và các loài bò sát khác cắn. Lá giã ra thành bột dùng nguội hay nóng như thuốc đắp trị nhọt và sưng viêm; dùng trị vết cắn do động vật và dùng với mật đường thành dạng thuốc viên trị vàng da.","",""
"Bạch đàn chanh","Khuynh diệp sả","Eucalyptus maculata Hool, var, citriodora (Hk, Bailey (E. citriolora Hook)","Sim - Myrtaceae","Cây gỗ to, nhánh non có cạnh. Lá có mùi thơm của Sả, Chanh. Lá ở nhánh non, có phiến, có lông, thon, từ từ hẹp cong thành hình lưỡi liềm ở nhánh trưởng thành, màu lam tươi, dài đến 17cm, chùm hoa ở nách lá, lá đài rụng thành chóp, nhị nhiều. Quả nang, nằm trong đài tồn tại, chia 4 mảnh.","Tinh dầu - Oleum Eucalypti.","Gốc ở úc châu, được nhập trồng.","Lá chứa 0,5-2% tinh dầu. Tinh dầu chứa citronelal 60-65%; citronelol 15-20%, alcol bậc I quy ra geraniol 11.14%, geranial và các thành phần khác 2%.","","Tinh dầu có mùi thơm dễ chịu. Dùng làm thuốc tẩy uế. Tinh dầu Bạch đàn nói chung được dùng làm thuốc sát khuẩn tại chỗ đặc biệt trong điều trị các bệnh nhiễm khuẩn đường hô hấp trên và trong một số bệnh ngoài da. Trộn lẫn với một lượng tương đương dầu Ô liu, dùng làm thuốc gây sung huyết da để điều trị thấp khớp. Còn dùng làm thuốc trị bỏng, làm thuốc gây long đờm trong trường hợp viêm phế quản mạn tính và hen.","",""
"Bạch đàn đỏ","","Eucalyptus robusta Smith","Sim - Myrtaceae","Cây gỗ thường xanh, cao 5-15m, có thể đến 30m, vỏ đo đỏ, có nhựa. Lá ít thơm, ở nhánh non, phiến lá xoan, ở nhánh trưởng thành, phiến thon hẹp cong cong, gốc hơi không cân xứng. Cụm hoa là tán, có khi chuỳ; hoa vàng vàng, nhị nhiều. Quả hình chén dài dài; nở thành 4 mảnh. Mùa hoa tháng 7-10.","Lá - Folium Eucalypti.","Gốc ở Úc châu, được trồng để lấy gỗ và lấy bóng mát. Có thể thu hái lá quanh năm, dùng tươi hay phơi khô trong râm.","Tinh dầu chứa cineol, pinen, camphen, các aldehyd valeric, butyric...","Vị hơi cay, hơi đắng, tính bình, có mùi thơm; có tác dụng tiêu viêm, kháng sinh, trừ mủ và chống ngứa.","Ở Trung Quốc được dùng trị: 1. Cảm lạnh, cúm, viêm não truyền nhiễm, viêm não B; 2. Viêm phần trên đường hô hấp, viêm hầu; 3. Viêm khí quản, viêm phổi nang; 4. Viêm bể thận cấp và mạn; viêm thận; 5. Viêm ruột, bệnh do nấm Candida; 6. Sốt rét; 7. Bệnh giun chỉ. Dùng ngoài trị bỏng, viêm mũi, viêm tế bào, viêm vú, cụm nhọt, chốc lở, viêm quầng, mày đay, eczema, nấm tóc, viêm âm đạo do nấm Candida, và sát khuẩn da.","10-15g dạng thuốc sắc. Dùng ngoài, nấu nước rửa. Bạch đàn đỏ gây kích thích dạ dày và có thể gây rối loạn cho gan, cần thêm đường để giảm bớt kích thích.",""
"Bạch đàn hương","","Premna sp.","Cỏ roi ngựa - Verbenaceae","Cây gỗ nhỏ (có thể có kích thước lớn). Nhánh già màu xám vàng; các nhánh non tròn tròn, không lông, có nhiều khía rãnh. Lá mọc đối; phiến lá hình trái xoan hay bầu dục, chóp lá nhọn, gốc tù, tròn, ít khi hình tim, mỏng, mặt trên lục vàng, mặt dưới nhạt màu hơn, dài 16-18cm, rộng 11-13cm; cuống lá mảnh, dài 5-9cm, gân phụ 6 đôi, gân nhỏ song song, mép lá có răng thô và to. Cây có hoa màu trắng, qu? b?ng h?t lạc, khi chín có màu đen. Lá cây lúc non và khi khô đều thơm. Thân cây có lõi vàng, thơm mùi xá xị. Thường rụng lá vào mùa khô.","Lá - Folium Premnae.","Cây mọc ở rừng núi Cấm (tỉnh An Giang). Thu hái lá trước khi rụng, phơi khô cất dành. Muốn trồng, người ta chặt rễ giâm cho lên chồi mà trồng.","","Lá cây có vị the, tính ấm, mùi thơm, có tác dụng phát tán mồ hôi, giải độc, thông hơi, trừ thấp.","Thường dùng trị ho, giải các uế khí, ẩm thấp. Cũng dùng chữa đau khớp, nhức xương, làm mạnh gân, nhất là trị đau cột sống.","","Hội Y học dân tộc tỉnh An Giang đã sưu tầm bài thuốc tâm đắc về rượu thời khí dùng trị thiên thời, dịch tả, hoắc loạn, đau bụng ói mửa, tiêu chảy, chậm tiêu, uất hơi, sính bụng, trúng gió. Thành phần gồm có: Củ Bồ bồ (nướng), cây ớt hiểm, củ Cỏ cú (sao), lá Hoắc hương, củ Riễng, vỏ Quít (lâu năm). Giáng hương, củ Sả, Ðại hồi, Quế khâu, Cam thảo núi, Bạch đàn hương. Kinh giới (bông), Bạc hà (lá) và Ngải đen, các vị phân lượng bằng nhau, đều 10g, tán đập dập, ngâm rượu 1 tuần, lấy ra dùng, mỗi lần uống 1ly nhỏ, ngày uống nhiều lần. Nếu không tiện uống rượu thì tán ra bột, mỗi lần uống tới hai muỗng cà phê."
"Bạch đàn lá liễu","Khuynh diệp thò","Eucalyptus exserta F.v Muell.","Sim - Myrtaceae","Cây gỗ trung bình, vỏ màu tro nâu, nhánh có cạnh, lá ở nhánh trưởng thành hình lưỡi liềm cong, dài đến 15cm có đốm. Cụm hoa tán ở nách lá, 2-7 hoa; cuống hoa ngắn hơn cuống lá; nắp hoa hình chuỳ cao hơn phần bầu hoa; nhị nhiều. Quả nang 3-5 mảnh; hột có cánh, đen đen. Hoa tháng 2-3.","Lá và tinh dầu - Folium et Oleum Eucalypti.","Gốc ở châu úc, được nhập trồng.","Lá chứa 0,65% tinh dầu. Tinh dầu chứa 30% cineol, 8% pinen, 10% pinocarveol, pinocarvon. Sau khi cất tinh dầu để chuyển thành màu đỏ nhạt và vẩn đục, tạo thành các hợp chất có nhóm carbonyl và carboxyl, cho mùi khó chịu.","","Nhân dân ta dùng lá Bạch đàn để làm nước uống, làm thuốc bổ, chữa ho, xông mũi, chữa cảm cúm. Qua nghiên cứu thì chất kháng khuẩn lấy từ lá có tác dụng đối với nhiều loại vi khuẩn gram + như cầu khuẩn, vi khuẩn bạch hầu và một số loài vi khuẩn đường ruột. Chất bay hơi của tinh dầu cũng có tác dụng diệt khuẩn mạnh (đối với các loài Bacillus, Staphyloccus, Candida albicans và Shigella flexneri). Rõ ràng là nồi xông phổ biến trong nhân dân vừa có tác dụng làm thoát mồ hôi, giảm sốt, giải độc, còn có tác dụng diệt vi khuẩn đường hô hấp và ngoài da.","",""
"Bạch đàn nam","","Macaranga tanaria (L.) Muel. - Arg.","Thầu dầu - Eaphorbiaceae","Cây nhỡ cao 6m. Lá có phiến hình lọng, nguyên, hình trái xoan hay tam giác, vào cỡ 11 x 9cm (có khi dài đến 50cm), mép nguyên hay có răng, có nhiều lông lúc non, gân từ nơi gắn 8, gân phụ 6-7 cặp; cuống dài 5-27cm. Chuỳ hoa đực cao 15-30cm, ở nách lá gồm nhiều ngù, có lông, hoa đực nhỏ, 3-6 nhị; cụm hoa cái ngắn, không phân nhánh, có hoa về phía ngọn. Quả nang 2-3 mảnh vỏ, rộng đến 1cm, phủ các tuyến màu cam, hạt to 5cm, ráp.","Rễ - Radix Macarangae.","Cây của vùng Viễn đông tới Trung Quốc. Ở nước ta, cây mọc trong các lùm bụi, rừng bình nguyên ở nhiều nơi, thường có nhiều ở các tỉnh phía Nam.","Vỏ chứa tanin.","","Rễ được sử dụng ở Malaixia làm thuốc trị lỵ, ở Philippin dùng sắc nước uống trị ho ra máu. Vỏ và cả lá rụng dùng chế rượu uống. Người ta còn dùng bột của vỏ cây và lá để kết tủa các albumin khi nấu mật mía, có thể người ta còn cho thêm vào những gia đoạn khác nhau cả vỏ và lá vào vại kín đựng mật để làm đông mật. ở Nam Sumatra, người ta cho quả vào dầu Cọ khi đang nấu để làm cho đường Cọ được trắng hơn.","",""
"Bạch đàn trắng","","Eucalyptus camaldulensis Dehnhart","Sim - Myrtaceae","Cây gỗ cao 30-50m; thân thẳng, đường kính tới 1,5m, vỏ già xám nâu, tróc thành mảng vỏ, nhánh non vuông. Lá có phiến hình lưỡi liềm, mốc mốc, dài 12-22cm; cuống có cạnh, dài 1,5-2cm. Tán hoa có cuống dài 1,5cm, chóp cao; nhị nhiều. Quả nang 4 mảnh, rộng 5-8mm, hạt nhỏ.","Gôm và tinh dầu - Gummis et Oleum Eucalypti.","Cùng gốc ở Úc châu, chịu được phèn nên trồng tốt ở nhiều nơi vùng đồng bằng sông Cửu Long.","Cây cho chất gôm, lá chứa tinh dầu.","","Gôm có thể dùng chữa ỉa chảy, họng bị đau, dùng làm chất săn trong nha khoa và điều trị vết thương. Khi áp dụng làm chất gây săn trong chảy máu hoặc trường hợp thanh quản bị đau, gôm được trộn lẫn với một lượng tương đương tinh bột. Gôm còn được dùng ở dạng thuốc đạn, 0,32g gôm trong dầu Cacao. Tinh dầu dùng trị lỵ mạn tính.","",""
"Bạch đàn xanh","Bạch đàn tròn","Eucalyptus globulus Labill.","Sim - Myrtaceae","Cây gỗ lớn vỏ nhẵn, màu nhợt, nhánh vuông. Lá ở chồi non mọc đối, không cuống, gốc hình tim, màu mốc, xếp ngang. Lá ở nhánh già mọc so le, dài 15-30cm, có cuống phiến dài và hẹp, hình lưỡi liềm, xếp đứng theo thân và có hai mặt giống nhau. Hoa ở nách lá, có cuống ngắn, dài 4 cạnh, mốc mốc, hình tháp vuông, nhị dài 1,5cm. Quả hình bông vụ, thuộc loại quả nang to 2,5cm, mang dài hoa tồn tại và chứa 2 loại hạt: loại đen sinh sản, loại nâu không sinh sản.","Lá và tinh dầu - Folium et Oleum Eucalypti.","Cây của châu úc được nhập trồng làm cây bóng mát, lấy lá. Thu hái quanh năm. Người ta cũng dùng cất tinh dầu.","Lá Bạch đàn xanh chứa tinh dầu, chất vô cơ, tanin, chất nhựa, chất đắng, acid phenol (acid galic, acid cafeic), hợp chất flavonoid là heterosid của querceton, eucalyptin, heterosid phenolic. Hàm lượng tinh dầu là 1-3%; thành phần chính của tinh dầu là cineol, (hay eucalyptol) 70-80%, còn có (- pinen, piperiton, phellandren, butyraldehyd, capronaldehyd.","Lá Bạch đàn xanh có tác dụng hạ nhiệt, bổ và làm se do có tanin, cầm máu yếu, diệt ký sinh trùng. Tinh dầu được hấp thụ qua da, ống tiêu hoá và mô tế bào dưới da, dễ bài tiết, làm long đờm, diệt vi khuẩn, diệt ký sinh, sát trùng... chủ yếu là thuốc nhựa thơm. Dùng ở trong nó có tác dụng sát trùng, chủ yếu sát trùng đường hô hấp và đường niệu, làm chất thơm, trừ thấp, trị giun và kích thích. Dùng ngoài, có tính chất diệt vi khuẩn, diệt ký sinh, làm liền sẹo, đề phòng bệnh nhiễm trùng và bệnh về phổi và trừ muỗi.","Dùng trong chữa 1. Bệnh đường hô hấp, viêm phế quản cấp và mạn, cảm cúm, ho lao phổi, hen suyễn, ho; 2. Bệnh đường tiết niệu, bệnh trực khuẩn coli, đái tháo; 3. Một số chứng bệnh và sốt như sốt rét, rốt ricketsia, sởi; 4. Thấp khớp, đau dây thần kinh; 5. Ký sinh trùng đường ruột; 6. Ðau nửa đầu, suy nhược. Dùng ngoài, đắp lên vết thương, bỏng, trị đau phổi, cúm, viêm xoang, bệnh chấy rận và trừ muỗi.","Ðể dùng trong: Hãm uống 3-4 lá trong 1 ly nước, đun sôi vài phút và hãm 10 phút. Ngày 3-5 ly. Bột, lá làm thành viên 0,5g dùng 6-10 viên ngày. Cồn thuốc 1/5 ngày 1-10 giọt. Có thể dùng tinh dầu, dung dịch cồn... Ðể dùng ngoài, có thể hãm xông, xoa hay băng bó.",""
"Bạch đậu khấu","","Amomum krervanh Pierre (A.Kravanh-Pierre ex Gagnep.)","Gừng - Zingiberaceae","Cây thảo cao 2-3m. Lá xếp 2 dẫy, hình trái xoan hay ngọn giáo, dài tới 60cm, rộng tới 12cm, nhưng thường chỉ dài 35cm, rộng 7-8 cm, lá có rạch, có điểm tuyến, hơi có mạng; cuống lá rất ngắn, có cánh rộng. Cán hoa 1-2 cái, ở gốc thân, có vẩy lợp, hình tam giác, có lông vàng kim ở ngoài. Cụm hoa hình trụ, hơi hình nón, dài 8-11cm, rộng 4-5cm, lá bắc vàng rơm, lợp khít nhau, có lông ở mặt ngoài, dài 4cm, rộng 15-17mm. Hoa nhỏ, màu vàng vàng, chỉ để lộ cánh môi ra ngoài các lá bắc; ống tràng dài bằng đài có các thuỳ màu trăng trắng chỉ dài bằng nửa cánh môi; cánh môi hình bầu dục, nguyên, vàng ở giữa, hơi vàng ở mép. Quả có lông vàng kim, rồi hoá nhẵn, hình cầu, đường kính 16mm, có 5-6 cạnh hơi rô với 9 rạch. Hạt 5-9, hình cầu, hơi dẹp, đáy lõm. Hoa tháng 5; quả tháng 8.","Quả- Fructus Amomi, thường gọi là Ðậu khấu.","Loài đặc hữu của Campuchia, Thái Lan; cũng gặp ở vùng núi Thất Sơn của An Giang. Thu hái quả ở những cây già (3 năm), khi quả từ màu xanh chuyển sang màu vàng xanh thì hái, đem về phơi hay sấy khô, loại bỏ cuống rồi xông diêm sinh (lưu huỳnh) cho vỏ trắng ra là được. Khi dùng bóc vỏ lấy hạt.","Hạt chứa 2,4% tinh dầu. Thành phần chủ yếu của tinh dầu là d-borneol và d-camphor.","Vị cay, mùi thơm, tính ấm; có tác dụng ôn tỳ, chỉ tả, hành khí, tiêu trệ, giải độc rượu.","Thường dùng trị bị nhiễm lạnh đau bụng, khí trệ, bụng đầy trướng, nôn oẹ, hoặc sáng ăn tối nôn, ăn không tiêu, đau bụng ỉa chảy, hay ợ hơi, trúng độc rượu.","Ngày dùng 4-8 g, dạng thuốc sắc hoặc bột.","1. Lợm giọng, buồn nôn: Nhấm hạt Ðậu khấu, nuốt nước.
2. Trẻ con bú vào, trớ ra: Dùng 14 nhân Ðậu khấu, 14 nhân Sa nhân, 8 g Cam thảo, tán nhỏ, xát vào miệng."
"Bạch đầu nhỏ","Cúc bạc đầu","Vernonia patula (Dryand.) Merr.","Cúc - Asteraceae","Cây thảo sống hằng năm, cao 50-70cm, phần nhánh từ khoảng giữa. Lá hình bánh bò hay hình thoi, thon hẹp dần thành cuống; mép có răng lượn sóng, mặt trên ít lông, mắt dưới đầy lông mềm màu trắng bạc, dài 2,5-5cm, rộng 1-1,5cm. Ngù hoa có lá gồm nhiều cụm hoa đầu, màu tim tím, hình cầu, đường kính 6-8mm, bao chung có lông. Quả bế 4-5 góc, không có khía, nhẵn, có tuyến, dài khoảng 1,5mm, mào lông dài 4-5mm, màu trắng, mau rụng. Mùa hoa quả tháng 11-5.","Toàn cây - Herba Vernoniae.","Loài phân bố khắp Ðông Dương và vùng Viễn Ðông. Ở nước ta, thường gặp mọc hoang ở bờ ruộng, đồng bằng. Có thể thu hái toàn cây quanh năm, dùng tươi hay phơi khô.","","Vị đắng, ngọt, tính mát; có tác dụng bổ, hạ nhiệt, làm ra mồ hôi, tán hàn, làm se, cầm ỉa chảy.","Chồi non có thể dùng luộc làm rau ăn. Thường dùng trị: 1. Viêm ruột - dạ dày cấp, ỉa chảy; 2. Phong nhiệt, cảm mạo, nhức đầu, sốt và rét; 3. Rong huyết. Có khi được dùng làm thuốc bổ, dùng cho phụ nữ sinh đẻ uống trừ hậu sản, thường dùng dưới dạng thuốc sắc hay thuốc hãm uống. Dùng ngoài giã đắp dùng trị mụn nhọt.","","Rong kinh: Lá Bạch đầu nhỏ, lá Bạc thau, lá Ngải cứu mỗi thứ một nhúm tay, giã nát lọc nước uống."
"Bạch đầu ông","Nụ áo hoa tím, Bạc đầu nâu","Vernonia cinerea (L.) Less.","Cúc - Asteraceae","Cây thảo cao 20-80cm, rất đa dạng. Thân đứng có khía, có lông mềm rạp xuống. Lá hình dải, hình múi mác hay hình quả Trám, gần như nguyên hay có răng rõ, kích thước rất thay đổi. Cụm hoa là ngù ở ngọn, đôi lúc ở bên, gồm nhiều đầu. Lá bắc xếp thành 3 hàng. Mào lông màu trắng hay vàng nhạt, lông không đều nhau, những lông ngoài rất ngắn. Tràng hoa màu hồng hay đo đỏ, các thuỳ thuôn, hình chỉ. Bao phấn có tai rất ngắn. Quả bế có lông nhung dày, có rạch hay không. Cây ra hoa tháng 11 đến tháng 6.","Toàn cây - Herba Vernoniae Cinereae.","Loài cây cổ nhiệt đới, mọc hoang rất thông thường ven đường đi, bãi cát, bờ ruộng. Cũng phân bố ở nhiều nơi khác vùng Viễn đông, ở châu Phi, châu Ðại dương. Thu hái toàn cây quanh năm, tốt nhất là vào mùa hè, rửa sạch, dùng tươi hay phơi khô.","Toàn cây có b-amyrin acetat, lupeol acetat, b-amyrin, lupeol, b-sitosterol, stigmasterol và KCl.","Vị đắng, ngọt, tính mát; có tác dụng thanh can, thoái nhiệt, an thần.","Cây có vị đắng, nhưng ở Java (Inđônêxia) người ta dùng toàn cây nấu chín ăn như rau. Ở Ðông Phi Châu, lá và hoa được xem như là lợi tiêu hoá. Thường dùng trị: 1. Sổ mũi, sốt, ho (lá); 2. Lỵ, ỉa chảy, đau dạ dày (rễ); 3. Viêm gan (hoàng đản cấp tính); 4. Suy nhược thần kinh; 5. Mụn nhọt, viêm tuyến sữa, hắc lào, chàm, rắn cắn...","Ngày dùng 15-30g cây khô sắc uống với các vị thuốc khác. Dùng lá giã đắp để chữa đinh nhọt, rắn cắn và bệnh ngoài da. Bột lá lẫn với vôi dùng đắp trị đau đầu, vết thương. Có thể dùng cành lá nấu nước rửa.","1. Sổ mũi, sốt, ho Bạch đầu ông, Ngũ trảo, rễ Bồ hòn, lá Gừa (sanh) mỗi vị 15g nấu nước uống.
2. Suy nhược thần kinh: Bạch đàn ông, Hy thiêm mỗi vị 15g, Chua me đất, Rau bợ mỗi vị 12g, Sẹ (Alpinia oxyphylla) 6g, sắc uống.
3. Huyết áp cao: Bạch đầu ông, Chua me đất, Hy thiêm mỗi vị 15g, đun sôi lấy nước uống."
"Bạch đồng nữ","Mò hoa trắng","Clerodendrum viscosum-Vent.","Cỏ roi ngựa - Verbenaceae","Cây bụi nhỏ, cao khoảng 1m; thường rụng lá. Nhánh vuông, có lông vàng. Lá mọc đối, hình tim, có lông cứng và tuyến nhỏ, mép có răng nhọn hay nguyên. Chuỳ hoa to, hình tháp có lông màu vàng hung. Hoa trắng vàng vàng, đài có tuyến hình khiên; tràng có lông nhiều, nhị thò ra. Quả hạch đen, mang đài màu đỏ tồn tại ở trên. Cây ra hoa tháng 2-3.","Rễ - Radix Clerodendri Viscosi.","Cây mọc hoang ở Ðông Dương và Trung Quốc, gặp ở nhiều nơi, trên đồi dốc, rừng và các lùm bụi. Có thể thu hái rễ quanh năm. Rửa sạch, thái nhỏ và phơi khô ngoài nắng.","","Rễ có vị ngọt và nhạt, tính mát; có tác dụng thanh nhiệt tiêu viêm, điều hoà dịch thể, làm long đờm rãi, làm mát máu và cầm máu.","Thường được dùng trị 1. Ho, cảm lạnh, sốt; 2. Lao phổi, ho ra máu; 3. Lỵ trực khuẩn; 4. Viêm gan.","15-30g, dạng thuốc sắc.",""
"Ba chẽ","Niễng đực, Ván đất, Ðậu bạc đầu","Dendrolobium triangulare (Retz) Schindler (Desmodium triangulare (Retz) Merr.D.cephalotes (Roxb) Wallex Wight et Arn)","Ðậu - Fabaceae","Cây nhỏ cao 2-3m. Thân tròn. Cành non hình tam giác dẹt. Lá kép gồm ba lá chét, hình trứng, mép nguyên, cái ở giữa lớn hơn cái hai bên. Mặt dưới lá màu trắng bạc. Lá non có lông trắng ở cả hai mặt. Hoa màu trắng tụ họp ở nách lá. Quả đậu có lông, thắt lại ở các hạt. Hạt hình thận.","Lá - Folium Dendrolobii.","Cây của vùng Ấn Độ - Malaixia mọc hoang ở các đồng cỏ, vùng đồi trung du và vùng núi Lai Châu, Lào Cai, Lạng Sơn qua vùng Tây Nguyên đến An Giang. Thu hái lá vào mùa xuân hè. Dùng tươi hay phơi khô, hoặc sấy ở nhiệt độ 50-600, có thể sao cho hơi vàng để có mùi thơm.","Lá chứa tanin, flavonoid, acid hữu cơ và alcaloid.","Cây có tác dụng kháng khuẩn chống viêm.","Nhân dân thường dùng lá để chữa lỵ, trực khuẩn, hội chứng lỵ, ỉa chảy và rắn cắn. Cũng có khi dùng chữa bệnh tê thấp.","20-30 (hay 50) gam lá, sao vàng sắc uống hoặc nấu cao mềm uống. Viên Ba chẽ (bào chế từ cao Ba chẽ) để chữa bệnh ỉa chảy và lỵ trực khuẩn. Liều dùng 10-15 viên chia 2-3 lần uống sau bữa ăn.","1. Chữa lỵ: Lá Ba chẽ phơi khô, sao vàng 30-50g, thêm nước, đun sôi 15-30 phút. Chia hai lần uống trong ngày. Uống liên tục trong 3-5 ngày, tuỳ theo bệnh nhẹ hay nặng. Có thể phối hợp với Ké hoa đào, cùng liều lượng để sắc uống.
2 - Rắn cắn: Lá Ba chẽ tươi giã nát hay nhai nuốt nước, lấy bã đắp."
"Bạch hạc","Kiến cò, Cây lác","Rhinacanthus nasutus (L.) Kurz","Ô rô - Acanthaceae","Cây nhỏ mọc thành bụi, cao 1-2m, có rễ chùm. Thân non có lông mịn. Lá mọc đối, có cuống, phiến hình trứng thuôn dài, mặt trên nhẵn, mặt dưới hơi có lông mịn. Hoa nhỏ, mọc thành xim nhiều hoa ở nách lá hoặc đầu cành hay ngọn thân. Hoa màu trắng nom như con hạc đang bay. Quả nang dài, có lông. Cây ra hoa tháng 8.","Lá, thân và rễ - Folium, Caulis et Radix Rhinacanthi.","Cây của miền Ấn Độ, mọc hoang và cũng được trồng. Trồng bằng gốc cây. Thu hái thân lá quanh năm, thường dùng tươi. Rễ cũng được thu hái quanh năm, dùng tươi hay phơi khô.","Trong rễ có hoạt chất rhinacanthin, gần giống acid chrysophanic và acid frangulic.","Cây có vị ngọt dịu và dịu, tính bình, có tác dụng chống ho, sát trùng, chống ngứa, trừ phong thấp. Rễ có mùi hắc nhẹ, vị ngọt tựa như mùi Sắn rừng.","Thường dùng trị: 1. Lao phổi khởi phát, ho; 2. Viêm phế quản cấp và mạn; 3. Phong thấp, tê bại, nhức gân, đau xương, viêm khớp; 4. Huyết áp cao. Dùng ngoài trị bệnh ecpet mảng tròn, eczema, hắc lào, lở ngứa.","9-15g, dạng thuốc sắc. Dùng ngoài: Lấy cây lá tươi giã đắp hoặc nấu nước rửa.","1. Lao phổi: Thân và lá Bạch hạc 20g, sắc nước, cho thêm đường uống.
2. Eczema, hắc lào: Giã một lượng vừa đủ cây lá tươi thêm cồn 70o ngâm và dùng ngoài. Có thể dùng rễ tươi giã nhỏ, ngâm rượu hoặc giấm trong một tuần lễ lấy nước bôi."
"Bách hợp","Tỏi rừng","Lilium brownii F.E Brown var colchesteri Wilson","Hoa loa kèn - Liliaceae","Cây thảo cao 0,5-1m, sống nhiều năm. Thân hành to màu trắng đục có khi phớt hồng, gần hình cầu, vẩy nhẵn và dễ gẫy. Lá mọc so le, hình mắc thuôn, mép nguyên, dài 2-15cm, rộng 0,5-3,5cm. Cụm hoa mọc ở đầu cành, gồm 2-6 hoa to, hình loa kèn, dài 14-16cm, với 6 cánh hoa màu trắng hay hơi hồng. Quả nang 5-6cm có 3 ngăn, chứa nhiều hạt nhỏ hình trái xoan.","Thân hành - Bulbus Lilii.","Cây mọc hoang ở các trảng cỏ và bờ mương rẫy vùng núi (Cao Bằng, Lạng Sơn, Sơn La, Lai Châu, Lào Cai, Hà Giang...) cũng có nơi trồng để lấy thân hành ăn. Trồng bằng giò như trồng hành, Tỏi. Sau một năm thu hoạch thường người ta ngắt hết hoa để cho củ to. Thu hoạch củ vào cuối mùa hè, đầu thu, khi cây bắt đầu khô héo. Ðào về rửa sạch, tách riêng từng vẩy, nhúng nước sôi 5-10 phút cho vừa chín tái, rồi đem phơi hay sấy khô.","Thân hành chứa glucid 30%, protid 4%, lipid 0,1%, vitamin C và colchicein.","Vị đắng tính hàn, có tác dụng nhuận phế, tiêu đờm, trừ ho, dưỡng tâm, an thần, thanh nhiệt, lợi tiểu.","Chữa lao phổi, ho khan hoặc ho có đờm quánh, ho ra máu, viêm phế quản, sốt, thần kinh suy nhược. Còn dùng chữa tim đập mạnh, phù thũng.","Ngày dùng 8-20g dạng thuốc sắc hoặc bột. Khi chữa ho, đau ngực, lao phổi, ho ra máu, thường dùng tươi giã nát, ép nước uống.","1. Chữa ho lâu, phổi yếu, tâm thần suy nhược, lo âu, hồi hộp, buồn bực, ít ngủ; dùng Bách hợp. Mạch môn, Sinh địa, đều 20g. Tâm sen sao 5g sắc uống.
2. Chữa triệu chứng đau ngực, thổ huyết: Bách hợp giã tươi, lấy nước uống.
3. Chữa viêm phế quản, Bách hợp 30g, Mạch môn 10g. Bách bộ 8g, Thiên môn đông 10g. Tang bạch bì 12g, ý dĩ nhân 15g, sắc với 1 lít nước, còn 400ml chia ba lần uống trong ngày.
4. Chữa đại tiện ra máu: Hạt Bách hợp tẩm rượu sao, tán nhỏ, uống 6-12g.
5. Chữa đau dạ dày mạn tính, thỉnh thoảng đau bụng: Bách hợp 30g, Ô dược 10g sắc uống."
"Ba chĩa","","Aglaia merostele Pell","Xoan - Meliaceae","Cây gỗ nhỡ ít nhánh. Lá kép to, có cuống chung dài 1-1,5m mang 25-27 cặp lá chét thuôn dài 35-45cm, mỏng, mặt trên không lông, mặt dưới có lông như nhung màu hung. Chuỳ hoa ở ngọn, có lông, hoa vàng cao 2mm; bao phấn 5; bầu 3 ô. Quả mọng xoan, cao 4cm, màu vàng; hạt 1.","Lá - Folium Aglaiae.","Cây mọc ở rừng thường xanh ở Gia Lai và Ðồng Nai.","","","Quả ăn được, lá dùng chữa sốt rét.","",""
"Bách kim","","Erytharaea spicata Pers","Long đờm - Gentianaceae","Cây thảo cao 10-30cm, thân thẳng, phân nhánh từ gốc, hoặc bắt đầu từ giữa thân, có các nhánh đứng. Lá không cuống, bầu dục thuôn, dài 1,5-2,5cm, rộng 0,3-1,3cm và có 2 tai tròn ở gốc hầu như tù ở đầu. Hoa hồng không cuống hay gần như không cuống, thành bông kéo dài, thưa, nằm một bên, trên toàn thân hay chỉ ở nửa trên. Quả nang mảnh, hai van; hạt nhiều, rất nhỏ, gần như hình cầu, nhăn nheo. Hoa tháng 4.","Toàn cây - Herba Erythraeae.","Cây của châu Âu, châu Phi. Phổ biến trong các ruộng bỏ hoang ở Ninh Bình.","","","cây dùng nấu nước uống lợi tiểu. Thường lẫn lộn với thân cây Cù mạch - Dianthus superbus l, có khi cũng gọi là Cù mạch.","",""
"Bạch liễm","","Ampelopsis japonica (Thunb.) Makino","Nho - Vitaceae","Dây leo, không lông, thân cứng, vòi chẻ hai. Lá hai lần kép, cuống có cánh, thường có 3-5 lá chét hình trái xoan bánh bò 4 x 2 cm, nhọn hai đầu, gân lồi và có lông, mặt trên nâu sẫm, mặt dưới trăng trắng, mép có răng nhỏ và có lông. Cụm hoa đối diện với lá, nhỏ, lưỡng phân; nụ tròn, to 1-1,5mm. Mùa hoa tháng 5- (7-8) quả tháng 9-10.","Rễ - Radix Ampelopsis, thường gọi là Bạch liễm.","Chỉ mới biết phân bố ở vùng Tây Nguyên.","Trong củ có chất nhầy và tinh bột.","Vị đắng, ngọt, hơi lạnh; có tác dụng thanh nhiệt giải độc, tiêu ung, tán kết.","thường dùng chữa trĩ rò, tràng nhạc, mụn nhọt sưng lở, bỏng lửa và bỏng nước.","6-12g dạng thuốc sắc. Dùng ngoài lấy rễ giã đắp chỗ đau.",""
"Bách nhật","Cúc bách nhật, Bông nở ngày","Gomphrena globosa l","Rau dền - Amaranthaceae","Cây thảo mộc hàng năm cao 30-80cm, có lông. Lá mọc đối, mặt dưới phủ lông mềm màu trắng nhạt. Hoa họp thành đầu, màu đỏ tía, có hai lá ở gốc; trục cụm hoa có lông nhung. Lá bắc hình thuôn nhọn, khô xác; lá bắc con ôm lấy hoa. Đài 5 dính thành ống. Nhị 5. Bầu hình trứng với hai đầu nhuỵ hình chỉ. Quả là một túi có vỏ mỏng như màng. Hạt hình trứng màu nâu đỏ, bóng loáng. Mùa hoa tháng 7-10.","Hoa - Flos Gomphreae, thường gọi là Thiên nhất hồng. Cũng như toàn cây.","Cây gốc ở châu Mỹ nhiệt đới, được trồng chủ yếu làm cảnh. Có thể thu hái hoa vào mùa hè thu khi hoa nở, dùng tươi hay phơi khô. Cây có thể thu hái quanh năm.","Trong cụm hoa có gomphrenin 1. II. III.V.VI. Còn có amarathin và isoamaranthin.","Vị ngọt, hơi chát, tính bình; có tác dụng khử đàm, tiêu viêm, bình suyễn, chống ho.","Thường dùng trị: 1. Hen phế quản, viêm khí quản cấp và mạn; 2. Ho gà, lao phổi và ho ra máu; 3. Ðau mắt, đau đầu; 4. Sốt trẻ em, khóc thét về đêm; 5. Lỵ. Dùng ngoài trị chấn thương bầm dập, bệnh ngoài da. ở Campuchia, người ta dùng trị thấp khớp, đau nhức mình sau khi sinh.","9-15g dạng thuốc sắc. Dùng ngoài nghiền cây tươi giã đắp hoặc nấu nước tắm rửa.","1. Hen phế quản: Cụm hoa Cúc bách nhật 6g, Tỳ bà diệp 6g, Bảy lá một hoa 6g. Nhót 10 g sắc uống, chia hai lần uống cách xa nhau. Các thành phần trên có thể nghiền thành bột, mỗi lần dùng 1,5-3g, 2 hay 3 lần trong ngày.